"spotify_id";"name";"artist";"position";"genre_name"
"6lV2MSQmRIkycDScNtrBXO";"Airplanes (feat. Hayley Williams of Paramore)";"B.o.B, Hayley Williams";"1";"pop rap"
"4hrae8atte6cRlSC9a7VCO";"Always On Time";"Ja Rule, Ashanti";"2";"pop rap"
"03tqyYWC9Um2ZqU0ZN849H";"No Hands [feat. Roscoe Dash and Wale]";"Waka Flocka Flame";"3";"pop rap"
"66TRwr5uJwPt15mfFkzhbi";"Crank That (Soulja Boy)";"Soulja Boy";"4";"pop rap"
"3rMyMv8EjKXoPnaRo2hdJN";"Stuntin' Like My Daddy - Street";"Birdman, Lil Wayne";"5";"pop rap"
"0uFvvXbmGIXlf5ZgtHyYpf";"Bugatti";"Ace Hood, Future, Rick Ross";"6";"pop rap"
"7wqSzGeodspE3V6RBD5W8L";"See You Again (feat. Charlie Puth)";"Wiz Khalifa, Charlie Puth";"7";"pop rap"
"6t2ubAB4iSYOuIpRAOGd4t";"Cake";"Flo Rida, 99 Percent";"8";"pop rap"
"5IZc3KIVFhjzJ0L2kiXzUl";"Promise";"Kid Ink, Fetty Wap";"9";"pop rap"
"3B7i9OKRRmIsSBHEbJz58Y";"Grind With Me";"Pretty Ricky";"10";"pop rap"
"3tvWMBIblzT5FSjKtIeRR1";"Whatever You Like";"T.I.";"11";"pop rap"
"1hWYT0w2R0J19rlVkiez7X";"Battle Scars";"Lupe Fiasco, Guy Sebastian";"12";"pop rap"
"14B2bUopOga5V3ypld7d6n";"Suga Suga";"Baby Bash, Frankie J";"13";"pop rap"
"1hGy2eLcmC8eKx7qr1tOqx";"Beautiful Girls - Radio Edit";"Sean Kingston";"14";"pop rap"
"3sDTZD8cxyuKT5oMZcVy5H";"Move (If You Wanna)";"MiMS";"15";"pop rap"
"3hQCHzkE5oSA3F1xM8bpcM";"Hustlin'";"Rick Ross";"16";"pop rap"
"32UioUCnMFsr2UN7SvDyXj";"Slow Jamz";"Twista, Kanye West, Jamie Foxx";"17";"pop rap"
"0kPgn96FXEO9Bnz9QN1Tc0";"We In Da City";"Young Dro";"18";"pop rap"
"3kZoay4ANo86ehb6s4RwS9";"Ridin'";"Chamillionaire, Krayzie Bone";"19";"pop rap"
"4E5IFAXCob6QqZaJMTw5YN";"Poppin' Them Thangs";"G-Unit";"20";"pop rap"
"2aIdVb8v9KTpEZnftkz2mD";"Buy U a Drank (Shawty Snappin')";"T-Pain, Yung Joc";"21";"pop rap"
"6Y9kdB2O0h9gq9y2vclsWT";"Shorty Wanna Ride";"Young Buck";"22";"pop rap"
"0rHJxNaQRMGK6Y4TUx3xRO";"Castro";"Yo Gotti, Kanye West, Big Sean, Quavo, 2 Chainz";"23";"pop rap"
"0mYoKqA23wUUj7BTEgNzjg";"Shawty (feat. T Pain)";"Plies, T-Pain";"24";"pop rap"
"0cNJ3huiV99wvUN1tmQLTL";"Beamer, Benz, Or Bentley - feat. Juelz Santana";"Lloyd Banks";"25";"pop rap"
"6uP0XLqjRqFx8HAfesdcAg";"X Gon' Give It To Ya";"DMX";"26";"pop rap"
"3JEzGRDUsozrehZTq3dKE8";"All Eyez (feat. Jeremih) - Bonus Track";"The Game, Jeremih";"27";"pop rap"
"0svl7cK07gK1ia5ainczU5";"Break Ya Neck";"Busta Rhymes";"28";"pop rap"
"4mAhZaSrcVD6cJWA6IqFrk";"Running Back (feat. Lil Wayne)";"Wale, Lil Wayne";"29";"pop rap"
"6aRlUgqcLgrxQE3RMngjN5";"Good Drank";"2 Chainz, Gucci Mane, Quavo";"30";"pop rap"
"3iL2l5gUqyPS6vDwJFgJTR";"BedRock";"Young Money, Lloyd";"31";"pop rap"
"1DFPibRb9RU3yfM3wOLdDT";"Tru";"Lloyd";"32";"pop rap"
"5vIu19A3EEdHgFM4Cba6F4";"Choices (Yup)";"E-40";"33";"pop rap"
"7I6DceMT3utDOHjcYCbrr4";"Don't Matter";"Akon";"34";"pop rap"
"61QSuw5VlC0LTS8WMO356g";"All The Way Up";"Fat Joe, Remy Ma, French Montana, InfaRed";"35";"pop rap"
"3bMNprrp2JDKZsGbiXpsJl";"My Chick Bad";"Ludacris, Nicki Minaj";"36";"pop rap"
"4b5aJdOgxps6z0dPe6wCHF";"Into You (feat. Ashanti)";"Fabolous, Ashanti";"37";"pop rap"
"5dANgSy7v091dhiPnEXNrf";"Put On";"Jeezy, Kanye West";"38";"pop rap"
"6mz1fBdKATx6qP4oP1I65G";"Pony";"Ginuwine";"39";"pop rap"
"4dASQiO1Eoo3RJvt74FtXB";"Sucker For Pain (with Wiz Khalifa, Imagine Dragons, Logic & Ty Dolla $ign feat. X Ambassadors)";"Lil Wayne, Wiz Khalifa, Imagine Dragons, Logic, Ty Dolla $ign, X Ambassadors";"40";"pop rap"
"2LLFl56eIFGFlnrplUC26f";"Flex (Ooh, Ooh, Ooh)";"Rich Homie Quan";"41";"pop rap"
"1fLibtVj3MrNTwRZq5yUOs";"Let's Go (feat. Big D & Twista)";"Trick Daddy, Big D, Twista";"42";"pop rap"
"4JDZl9nKIAhAhDjw753u4X";"For Free";"DJ Khaled, Drake";"43";"pop rap"
"2Cth0v1xri32oZ799rL3rl";"Feel Me";"Tyga, Kanye West";"44";"pop rap"
"4F55RCGuM477OjznpYGhYz";"Shortie Like Mine";"Bow Wow, Chris Brown, Johnta Austin";"45";"pop rap"
"6NPVjNh8Jhru9xOmyQigds";"Happy";"Pharrell Williams";"46";"pop rap"
"0tYPj0NYa7vjlJaqlRSnJb";"Chain Hang Low";"Jibbs";"47";"pop rap"
"5Unpx9KoFyS7VHZEFdBoGr";"Circles";"Pusha T, Ty Dolla $ign, Desiigner";"48";"pop rap"
"0r2Bul2NuCViraT2zX1l5j";"Get Low";"Ying Yang Twins, Lil Jon & The East Side Boyz";"49";"pop rap"
"05Z7jet4VDNVgNQWcYHnrk";"Party";"Chris Brown, Usher, Gucci Mane";"50";"pop rap"
"4MeDnO5yA2Zi6IMlVApRci";"Freek-A-Leek";"Petey Pablo";"51";"pop rap"
"56cswAa9WdFBsjsTyPBAKA";"Bad Things - With Camila Cabello";"Machine Gun Kelly, Camila Cabello";"52";"pop rap"
"0I3q5fE6wg7LIfHGngUTnV";"Ms. Jackson";"OutKast";"53";"pop rap"
"5tFep7dXGd7vEJ668wTPux";"Both (feat. Drake)";"Gucci Mane, Drake";"54";"pop rap"
"4XHQyvbrBsQaaBUW1VvmsL";"My Band";"D12";"55";"pop rap"
"1BLz7nBzRElSPfg3ndJkHz";"Get Throwed";"Bun B";"56";"pop rap"
"4bkhs6spQvVnVJAlXuKR6a";"Touchin, Lovin (feat. Nicki Minaj)";"Trey Songz, Nicki Minaj";"57";"pop rap"
"7DTlsMOQjGysXHpwwpHuPl";"Lifestyle";"Rich Gang, Young Thug, Rich Homie Quan";"58";"pop rap"
"2Zb7wnGUnNPCas2E0wWSQ5";"Ni**as In Paris";"JAY Z, Kanye West";"59";"pop rap"
"5HQVUIKwCEXpe7JIHyY734";"Young, Wild & Free (feat. Bruno Mars)";"Snoop Dogg, Wiz Khalifa, Bruno Mars";"60";"pop rap"
"4WC72P8F0CnYmqoPYQ7JDD";"Bottom of the Bottle (feat. August Alsina & Lil Wayne)";"Curren$y, Lil Wayne, August Alsina";"61";"pop rap"
"0rHVd8h0cFwgLgPFem6S60";"Girls Like (feat. Zara Larsson)";"Tinie Tempah, Zara Larsson";"62";"pop rap"
"5J5PXmMdQ2nh1lZOal8KmK";"Litty (feat. Tory Lanez)";"Meek Mill, Tory Lanez";"63";"pop rap"
"6hxn98poTu1O4YZfafvC18";"What You Want (feat. Total)";"Mase, Total";"64";"pop rap"
"2D1hlMwWWXpkc3CZJ5U351";"P.I.M.P.";"50 Cent";"65";"pop rap"
"0fgZUSa7D7aVvv3GfO0A1n";"Post To Be (feat. Chris Brown & Jhene Aiko)";"Omarion, Jhene Aiko, Chris Brown";"66";"pop rap"
"6IY2y3kjjLaNbxW4GLiYQR";"Ill Mind of Hopsin 8";"Hopsin";"67";"pop rap"
"3QHONiXGMGU3z68mQInncF";"I'll Be Missing You (feat. 112)";"Diddy, Faith Evans, 112";"68";"pop rap"
"24PWKmemCvqfyVXODhoKHW";"Sittin' Sidewayz - feat. Big Pokey Explicit";"Paul Wall, Big Pokey";"69";"pop rap"
"6ucR4KfvsBFWCMVFDvyKKl";"Apologize";"Timbaland, OneRepublic";"70";"pop rap"
"17YVl4TzNHQlHIyokvt1TD";"Code Blue";"The-Dream";"71";"pop rap"
"6Kd4EPrY9A4WBUFy5JaqEc";"Moves";"Big Sean";"72";"pop rap"
"36N2bDLedBsK9VylCszIwH";"Country Sh*t (Remix)";"Big K.R.I.T., Ludacris, Bun B";"73";"pop rap"
"1AHfovSnGPVYKaahRtA0U6";"The Message";"Nas";"74";"pop rap"
"4gdQ8QShlC3toP9Mkc8DwB";"Oh Boy";"Cam'Ron, Juelz Santana";"75";"pop rap"
"0DdpxWfVvUGgkJv5536tiF";"Sexy Can I feat. Yung Berg";"Ray J";"76";"pop rap"
"5NQbUaeTEOGdD6hHcre0dZ";"679 (feat. Remy Boyz)";"Fetty Wap, Remy Boyz";"77";"pop rap"
"6ihObRBTB8xdSH2mlERtOX";"Slow Motion";"Juvenile, Soulja Slim";"78";"pop rap"
"5KSJ9k1FYjFLnIRlJT2wF8";"Tha Crossroads";"Bone Thugs-N-Harmony";"79";"pop rap"
"7MSwclTvW6KLLkTbmw9FUQ";"Throw It Up";"Pastor Troy, Lil Jon & The East Side Boyz";"80";"pop rap"
"4FxkQzIhsLAkuiqX5puvU6";"Till It's Gone";"Yelawolf";"81";"pop rap"
"6cFZ3wqSjvuo2mYWEZPbQE";"I Run";"Slim Thug";"82";"pop rap"
"4ubprxt14HoeppCGViXXfN";"Livin' In The Projects";"Lil Scrappy";"83";"pop rap"
"4TJduXYW1Pg96EDNnfiwxJ";"Shake Ya Tailfeather - Radio";"Murphy Lee, Nelly, Diddy";"84";"pop rap"
"1akgiRM3mN2nxu2AX6ACCW";"I Love College";"Asher Roth";"85";"pop rap"
"2uw8vslyCoFLQsoPcIhen5";"Killer (feat. Drake)";"Nipsey Hussle, Drake";"86";"pop rap"
"70RMVzexrIvYJiFEnuGymb";"Deliverance";"Bubba Sparxxx";"87";"pop rap"
"4KW1lqgSr8TKrvBII0Brf8";"Father Stretch My Hands Pt. 1";"Kanye West";"88";"pop rap"
"29gsi1zZrZxdStACmTQB0Z";"Studio";"ScHoolboy Q, BJ The Chicago Kid";"89";"pop rap"
"5zaIgI9HNUPIcfaeVRlxGa";"Just A Lil' Thick (She Juicy)";"Trinidad James, Mystikal, Lil Dicky";"90";"pop rap"
"5CWyE2OcZI1HVnHBh4RrKF";"Play";"David Banner";"91";"pop rap"
"0tLOX3QEuQJtz4FMLxHh10";"Damn! - Club Mix";"Youngbloodz, Lil Jon";"92";"pop rap"
"43jBqV3j3Xi1g6wO0bhIMd";"Now and Later";"Sage The Gemini";"93";"pop rap"
"2c5Isyd07hWsl7AQia2Dig";"Fast Lane";"Bad Meets Evil";"94";"pop rap"
"4hHXhCRSnOKd6nMGaivmD0";"Hotel";"Cassidy, R. Kelly";"95";"pop rap"
"3CBjt0dsLlaz9h2OodDYAW";"Wishing (feat. Chris Brown, Skeme & Lyquin)";"DJ Drama, Chris Brown, Skeme, Lyquin";"96";"pop rap"
"0vZXMVr3eZGSV2xg1VYvTM";"Walk It Out";"Unk";"97";"pop rap"
"5vlEg2fT4cFWAqU5QptIpQ";"Replay";"Iyaz";"98";"pop rap"
"7ytLGF9Ua5g5MylbwtxzZC";"Echo";"Gorilla Zoe";"99";"pop rap"
"1U16aNzvnlfARgjWXjKmQj";"Tambourine";"Eve";"100";"pop rap"
"0I0wn4G67txQwENcmRH3d6";"Caribou Lou";"Tech N9ne";"101";"pop rap"
"01oPNCtTniFT3YM4K3ksTf";"Opposite Of Adults";"Chiddy Bang";"102";"pop rap"
"1xbei6AtRdYm6UBMQlU9GH";"Time Ticking (feat. Bobby Shmurda & Rowdy Rebel)";"Juelz Santana, Dave East, Bobby Shmurda, Rowdy Rebel";"103";"pop rap"
"2g8HN35AnVGIk7B8yMucww";"Big Poppa";"The Notorious B.I.G.";"104";"pop rap"
"2c8sgbZoEanC3QyFNZxUcA";"Flexicution";"Logic";"105";"pop rap"
"2RsfaDkq2bCZAintvTmBe2";"Good Good Night";"Roscoe Dash";"106";"pop rap"
"3kVIFDE3G89I2RPVkiRaRj";"Cupid";"112";"107";"pop rap"
"439TlnnznSiBbQbgXiBqAd";"m.A.A.d city";"Kendrick Lamar, MC Eiht";"108";"pop rap"
"00Dj0k3r0a6HKTLanwET8L";"Lights Low";"2 Pistols, C-Ride";"109";"pop rap"
"4U3JMDnjnUKggATEp7NryT";"Pass Me Da Green - 2005 Digital Remaster";"Master P";"110";"pop rap"
"0ARK753YaiJbpLUk7z5yIM";"Dilemma";"Nelly, Kelly Rowland";"111";"pop rap"
"40YcuQysJ0KlGQTeGUosTC";"Me, Myself & I";"G-Eazy, Bebe Rexha";"112";"pop rap"
"17vQTNbvhpvi92qOnDOFHB";"The Law (feat. Mac Miller & Rapsody)";"Ab-Soul, Mac Miller, Rapsody";"113";"pop rap"
"7xVLFuuYdAvcTfcP3IG3dS";"Work REMIX";"A$AP Ferg, A$AP Rocky, French Montana, Trinidad James, ScHoolboy Q";"114";"pop rap"
"4ejHYIyUfGoAYscal3ygCb";"CPU";"Big Boi, Phantogram";"115";"pop rap"
"10I3CmmwT0BkOVhduDy53o";"Really Really";"Kevin Gates";"116";"pop rap"
"7iaw359G2XT14uTfV9feip";"Lockjaw";"French Montana, Kodak Black";"117";"pop rap"
"2yJVeT8cP1zstJxRP7Nlv8";"No Interruption";"Hoodie Allen";"118";"pop rap"
"5rb9QrpfcKFHM1EUbSIurX";"Yeah!";"Usher, Lil Jon, Ludacris";"119";"pop rap"
"7t2bFihaDvhIrd2gn2CWJO";"Or Nah (feat. The Weeknd, Wiz Khalifa and DJ Mustard) - Remix";"Ty Dolla $ign, DJ Mustard, Wiz Khalifa, The Weeknd";"120";"pop rap"
"3ibKnFDaa3GhpPGlOUj7ff";"Let Me Love You";"Mario";"121";"pop rap"
"3V8sM5OOG6YfDuDLa2IIYJ";"Used to This";"Future, Drake";"122";"pop rap"
"4XoP1AkbOurU9CeZ2rMEz2";"F**kin' Problems";"A$AP Rocky, Drake, 2 Chainz, Kendrick Lamar";"123";"pop rap"
"7isbPMomU1kbgaNKOFocGJ";"One Time Comin'";"YG";"124";"pop rap"
"1qrJeqZbxsYyL3UV3mL7gM";"We Fly High";"Jim Jones";"125";"pop rap"
"08X9m3tpcthgrItjPVAmCu";"Devastated";"Joey Bada$$";"126";"pop rap"
"1vNn7rVQT6UtEW1NGH53fT";"All Night Longer";"Sammy Adams";"127";"pop rap"
"7jFoDbZouyYRaRzIXJYxkg";"Plain Jane (Feat. T.I.)";"Rocko, Gucci Mane, T.I.";"128";"pop rap"
"4nPbbxkXhB83OCoRKxKxgZ";"Fightin In The Club";"I-20";"129";"pop rap"
"27dUo79lgLEy4Rk5w3UvSL";"Guess Who's Back";"Beanie Sigel, Scarface, JAY Z";"130";"pop rap"
"37RC87Ce8jeeKmnpYNExhP";"Awnaw [All Hooks Up Version]";"Nappy Roots, Jazze Pha";"131";"pop rap"
"0Nv2fnDgOR1ld5SN670Jst";"Sick Of Being Lonely";"Field Mob";"132";"pop rap"
"2wxO3ZydJTZRi4Bbc02q7i";"Smile";"Scarface, Johnny P, 2Pac";"133";"pop rap"
"1qXLj4ywjsA0hGmaibmnn3";"Throw Some D's Remix";"Rich Boy, André 3000, Jim Jones, Nelly, Murphy Lee, The Game";"134";"pop rap"
"6gBFPUFcJLzWGx4lenP6h2";"goosebumps";"Travis Scott";"135";"pop rap"
"6qWnqMqhAJ81ezdlmPmkAl";"Money In The Bank";"Swizz Beatz";"136";"pop rap"
"4lzxZnxRLgyheIqHfJ4YRk";"Six 12's (feat. Mouse On Tha Track)";"Webbie, Mouse On Tha Track";"137";"pop rap"
"3ak6Fscs4qMoVsIwaDLgZv";"Wait";"August Alsina";"138";"pop rap"
"2Vevs2eAQNNb7NTpKj5kqA";"Cut Her Off";"K CAMP, 2 Chainz";"139";"pop rap"
"2SIdGJTWirTxRNEyCp9ocI";"Vice City (feat. Black Hippy)";"Jay Rock, Black Hippy";"140";"pop rap"
"4zrwPfq5ENLzjq41Txs2HR";"Want Her";"DJ Mustard, Quavo, YG";"141";"pop rap"
"3DsydjV4yGvRRIAjuReAvs";"Hear Me Coming";"Yung Joc";"142";"pop rap"
"275a9yzwGB6ncAW4SxY7q3";"Panda";"Desiigner";"143";"pop rap"
"3m8CQnnfJJp4eQMWWl3zay";"Drank In My Cup";"Kirko Bangz";"144";"pop rap"
"59e7E2LMPZ2bhW5G6aCwX8";"Crazy Brazy";"A$AP Mob, A$AP Rocky, A$AP Twelvyy, KEY";"145";"pop rap"
"6zMUIb4uce1CzpbjR3vMdN";"Foolish";"Ashanti";"146";"pop rap"
"63XXvHR6FfiRDk5lKNNCMI";"Halle Berry (She's Fine)";"Hurricane Chris, Superstarr";"147";"pop rap"
"6Efmq0wDgijxWFdBkzIOvb";"Set It Off";"Boosie Badazz";"148";"pop rap"
"1sfSPlgRbo15MaQXCkCPgA";"Take It Off";"Lil Jon, Yandel, Becky G";"149";"pop rap"
"4s0o8TJHfX9LLHa0umnOzT";"Sunshine - Explicit Album Version";"Lil' Flip, Lea";"150";"pop rap"
"1mU0es3QUBRAxKkYvTANpG";"Doin' It";"LL Cool J";"151";"pop rap"
"1POAx4NMLOBPVKZUSsBh92";"Cashin' Out";"Ca$h Out";"152";"pop rap"
"6AoYWCzsDls6c61Zp5qTuU";"$ave Dat Money (feat. Fetty Wap & Rich Homie Quan)";"Lil Dicky, Rich Homie Quan, Fetty Wap";"153";"pop rap"
"4IowQDUOzUvNtp72HMDcKO";"Love Sosa";"Chief Keef";"154";"pop rap"
"2MuJbBWAVewREJmB8WdGJ3";"It Was A Good Day";"Ice Cube";"155";"pop rap"
"52h1jHAwsYnnyMAca2x2AB";"Pleeze (feat. Nipsey Hussle)";"Dom Kennedy, Nipsey Hussle";"156";"pop rap"
"0rFZaQ4crlGAzuCjWCQ2xu";"Body Party";"Ciara";"157";"pop rap"
"0tKyqENB2rCGNvkBw85Ghc";"Pourin Up";"Pimp C";"158";"pop rap"
"33ZXjLCpiINn8eQIDYEPTD";"Shook Ones, Pt. II";"Mobb Deep";"159";"pop rap"
"1HL2ABD6kUaXAJ9lBhIY4K";"You & Me";"J-Kwon, Sadiyyah";"160";"pop rap"
"43X3PKoTrWnlwDflqY9fVt";"Ol' Time Killin'";"Kardinal Offishall, Jully Black, Irs";"161";"pop rap"
"3tYIGblstUzadwusFNmi2M";"Walking On Water (feat. Rick Ross)";"Triple C's";"162";"pop rap"
"7zBQRGpYImAdIZc97FNj3V";"Shell Shocked (feat. Kill The Noise & Madsonik) - From ""Teenage Mutant Ninja Turtles""";"Juicy J, Wiz Khalifa, Ty Dolla $ign, Madsonik, Kill The Noise";"163";"pop rap"
"5a4AQWs84xeEyYUd1iC2Pn";"I Think They Like Me - feat. Jermaine Dupri, Da Brat & Bow Wow";"Dem Franchize Boyz";"164";"pop rap"
"6brl7bwOHmGFkNw3MBqssT";"So Sick";"Ne-Yo";"165";"pop rap"
"0aULRU35N9kTj6O1xMULRR";"Magic Stick";"Lil' Kim";"166";"pop rap"
"4vp2J1l5RD4gMZwGFLfRAu";"I Gotta Feeling";"The Black Eyed Peas";"167";"pop rap"
"2bQdgtO42TfS37YWupeMrr";"Int'l Players Anthem (I Choose You)";"UGK, OutKast";"168";"pop rap"
"6fujklziTHa8uoM5OQSfIo";"Black Beatles";"Rae Sremmurd, Gucci Mane";"169";"pop rap"
"5kGCh49aqeRMkEOhQ9mcrW";"Party Like A Rock Star";"Shop Boyz";"170";"pop rap"
"58LflM1owDAzQkYIL7ayCX";"Why";"Jadakiss, Anthony Hamilton";"171";"pop rap"
"3LDvLibID9j32PoWnT6v80";"Killem With Kindness";"Dizzy Wright";"172";"pop rap"
"0PJIbOdMs3bd5AT8liULMQ";"oui";"Jeremih";"173";"pop rap"
"4U5CjTT6uObhD2vwnD4zOF";"Corona And Lime";"Shwayze";"174";"pop rap"
"3KiEydhjn7yf58h9jBD5Sa";"U Mad";"Vic Mensa, Kanye West";"175";"pop rap"
"0MuqFuh4MerIiFsYWuEFaP";"Do You There (feat. Marc E. Bassy)";"Skizzy Mars, Marc E. Bassy";"176";"pop rap"
"6vs9xToxh23nXF8sucqnfP";"Pop, Lock & Drop It - Video Edit";"Huey";"177";"pop rap"
"7oGZAicScQt96OAW4AruYy";"Want to Want Me";"Jason Derulo";"178";"pop rap"
"2LMGPKG7kkn46NvzwICkxp";"Corporate Thuggin'";"U.S.D.A.";"179";"pop rap"
"7LP4Es66zdY7CyjepqmvAg";"Down";"Jay Sean, Lil Wayne";"180";"pop rap"
"31c3hIaCg0Ad4jd36uWqSj";"Da Baddest [feat. Trey Songz]";"Big Kuntry King";"181";"pop rap"
"58FUwmyGUqkt53YPUcm7cJ";"Knock You Down";"Keri Hilson, Kanye West, Ne-Yo";"182";"pop rap"
"6cAldqwmbUwpM8D17FWtPL";"Mr. Me Too";"Clipse";"183";"pop rap"
"59oP06RoBps6bvbvSQ1Zee";"Swish";"Mike Stud";"184";"pop rap"
"0l86cwgQK1qjeFyGDovynI";"Harder Than Them";"Maino";"185";"pop rap"
"3zSCNTXI7Ed0PiidZVmzIe";"Ignition (Remix)";"R. Kelly";"186";"pop rap"
"1PmHkalaUHhh0fz23SBHDL";"Let's Get Married";"Jagged Edge";"187";"pop rap"
"3jagJCUbdqhDSPuxP8cAqF";"Work It";"Missy Elliott";"188";"pop rap"
"3GUZHOhbl6hQEqsHCkUDDd";"Do U?";"Do Or Die";"189";"pop rap"
"1MtUq6Wp1eQ8PC6BbPCj8P";"I Took A Pill In Ibiza - Seeb Remix";"Mike Posner, Seeb";"190";"pop rap"
"62vpWI1CHwFy7tMIcSStl8";"No Role Modelz";"J. Cole";"191";"pop rap"
"20dP2DaMHIAmwWAbp7peSr";"pick up the phone";"Young Thug, Travis Scott";"192";"pop rap"
"2iJuuzV8P9Yz0VSurttIV5";"Scream & Shout";"will.i.am, Britney Spears";"193";"pop rap"
"2FZKZnPf8qTAGugiWEqMcA";"Knuck If You Buck - Allbum Version";"Crime Mob, Lil Scrappy";"194";"pop rap"
"3y9cCbnBn0zjkJa2YkOj70";"Black Barbies";"Nicki Minaj, Mike WiLL Made-It";"195";"pop rap"
"0qOnSQQF0yzuPWsXrQ9paz";"Stereo Hearts (feat. Adam Levine)";"Gym Class Heroes, Adam Levine";"196";"pop rap"
"4ZU17d7AlHId9Xg7mhiXZ0";"She Wants To Move";"N.E.R.D.";"197";"pop rap"
"2SbxV7nqgjIwgyibuUl9w3";"Nothing Is Promised";"Mike WiLL Made-It, Rihanna";"198";"pop rap"
"1QpMNpzkMxchOeYOn9RbNJ";"What a Job";"Devin The Dude";"199";"pop rap"
"43PuMrRfbyyuz4QpZ3oAwN";"Exchange";"Bryson Tiller";"200";"pop rap"
"3TGRqZ0a2l1LRblBkJoaDx";"Call Me Maybe";"Carly Rae Jepsen";"1";"pop"
"5pD9x23lsoQr464mlmaKNJ";"Chained To The Rhythm";"Katy Perry, Skip Marley";"2";"pop"
"4Ce37cRWvM1vIGGynKcs22";"Starving";"Hailee Steinfeld, Grey, Zedd";"3";"pop"
"0HVj61S4pQJdQhgZP61G65";"I Would Like";"Zara Larsson";"4";"pop"
"6E11E0lT5Zy7yb6iT3y8DN";"Want U Back";"Cher Lloyd";"5";"pop"
"3tJ4y2Zqx6gM9xOAuFfsSF";"Cool Girl";"Tove Lo";"6";"pop"
"3lSDIJ2abCrOdDJ6pshUap";"Close";"Nick Jonas, Tove Lo";"7";"pop"
"1i1rNVtxbE7rdFfpHuNq2j";"Hold My Hand";"Jess Glynne";"8";"pop"
"3qRHCvn70YpVFFkx3lrAYf";"Body on Me";"Rita Ora, Chris Brown";"9";"pop"
"7oGZAicScQt96OAW4AruYy";"Want to Want Me";"Jason Derulo";"10";"pop"
"0puf9yIluy9W0vpMEUoAnN";"Bang Bang";"Jessie J, Ariana Grande, Nicki Minaj";"11";"pop"
"1DqdF42leyFIzqNDv9CjId";"Dynamite";"Taio Cruz";"12";"pop"
"1X1DWw2pcNZ8zSub3uhlNz";"Hall of Fame";"The Script, William";"13";"pop"
"6t2ubAB4iSYOuIpRAOGd4t";"Cake";"Flo Rida, 99 Percent";"14";"pop"
"31t0ATifZW5CW3XP2QUsUW";"All Night";"The Vamps, Matoma";"15";"pop"
"6yIdwnpDHufLWgQcveTPMk";"I Don’t Wanna Live Forever (Fifty Shades Darker) - From ""Fifty Shades Darker (Original Motion Picture Soundtrack)""";"ZAYN, Taylor Swift";"16";"pop"
"0AKejOKlGdiB53QpwAeenO";"Don't Wanna Know";"Maroon 5, Kendrick Lamar";"17";"pop"
"0Zx8khUcEfCFK2AEoIhC92";"Don't Leave";"Snakehips, MØ";"18";"pop"
"6mnjcTmK8TewHfyOp3fC9C";"Die Young";"Kesha";"19";"pop"
"0rFOs9paloAvEtzwDX1Kmc";"Bubbly";"Colbie Caillat";"20";"pop"
"2wqaekenSQZm7hxQOYt8oE";"Am I Wrong";"Nico & Vinz";"21";"pop"
"2Ow4Pmi0VOOLvbmJ8V70qo";"How To Be A Heartbreaker";"Marina and the Diamonds";"22";"pop"
"1FUViuNSldssMIawrOXF2i";"I Got You";"Bebe Rexha";"23";"pop"
"76hfruVvmfQbw0eYn1nmeC";"Cake By The Ocean";"DNCE";"24";"pop"
"7AVF7kutqdQyamkw6q4d7x";"F*** Apologies. (feat. Wiz Khalifa)";"JoJo, Wiz Khalifa";"25";"pop"
"1hGy2eLcmC8eKx7qr1tOqx";"Beautiful Girls - Radio Edit";"Sean Kingston";"26";"pop"
"7dZ1Odmx9jWIweQSatnRqo";"Million Reasons";"Lady Gaga";"27";"pop"
"4sPrcMhXm8jYmp2VaELp6b";"Best Day of My Life";"Pixie Lott";"28";"pop"
"0y8Wf6ltWpGCpgqVa21QNX";"After The Afterparty (feat. Lil Yachty)";"Charli XCX, Lil Yachty";"29";"pop"
"3AGOgQzp0YcPH41u9p7dOp";"Glad You Came";"The Wanted";"30";"pop"
"5nJWME6j2dfFSm5B6ayDrw";"Grow Up";"Olly Murs";"31";"pop"
"1pKeFVVUOPjFsOABub0OaV";"Side To Side";"Ariana Grande, Nicki Minaj";"32";"pop"
"1QNoKVgA758HFLu3TW2q7R";"Kill Em With Kindness";"Selena Gomez";"33";"pop"
"2hgzdQdnfWwtdpZbhZlV72";"Ain't Your Mama";"Jennifer Lopez";"34";"pop"
"4tCtwWceOPWzenK2HAIJSb";"Work from Home";"Fifth Harmony, Ty Dolla $ign";"35";"pop"
"4nMlau89VAjmV7agkl7OY3";"Fresh Eyes";"Andy Grammer";"36";"pop"
"6FE2iI43OZnszFLuLtvvmg";"Classic";"MKTO";"37";"pop"
"0HMjXBAZmSYOTTi33WpMso";"History";"One Direction";"38";"pop"
"519tXYJVcrpEMqV2BMbh6E";"No Air";"Jordin Sparks, Chris Brown";"39";"pop"
"6I9VzXrHxO9rA9A5euc8Ak";"Toxic";"Britney Spears";"40";"pop"
"0Wb7BfZSx0Tuo6om9M4q4N";"Fight For This Love";"Cheryl";"41";"pop"
"3f3omU8n47Mqyab5nCaGyT";"Because of You";"Kelly Clarkson";"42";"pop"
"6f3Kn4QtwZPU2IvwwDSbLF";"La Da Dee";"Cody Simpson";"43";"pop"
"1GCbc1vpkZA2zhjsSFhmHT";"Fuck You";"Lily Allen";"44";"pop"
"3BxWKCI06eQ5Od8TY2JBeA";"Buttons";"The Pussycat Dolls";"45";"pop"
"5Ua3GXyHwiSfpNTMjq6m2z";"Touch";"Little Mix";"46";"pop"
"4KTtYhxFtFL7mBwnjkKfLm";"Glamorous";"Fergie, Ludacris";"47";"pop"
"7xrA11O07xo57Bbg6p4hck";"Body Say";"Demi Lovato";"48";"pop"
"37f4ITSlgPX81ad2EvmVQr";"Fight Song";"Rachel Platten";"49";"pop"
